country,year,Total_Sales,Total_Stocks,BEV_Sales,BEV_Stock,PHEV_Stock,PHEV_Sales,FCEV_Stock,FCEV_Sales,"Coal, Peat and Manufactured Gases (Net_Produce)",Combustible Renewables (Net_Produce),Electricity (Net_Produce),Geothermal (Net_Produce),Hydro (Net_Produce),Natural Gas (Net_Produce),Nuclear (Net_Produce),Oil and Petroleum Products (Net_Produce),Solar (Net_Produce),"Total Renewables (Hydro, Geo, Solar, Wind, Other) (Net_Produce)",Wind (Net_Produce),Electricity_Distrib_Loss,Electricity_Cons,Electricity_Exports,Electricity_Imports,Publicly available fast,Publicly available slow
Belgium,2013,0.1199999973,0.03299999982,500,1200,590,60,1,NA,4999.651,4831.994,80280.002,0,1691.999,20277.713,40567,152.149,2623.999,12745.991,3597.9990000000003,4007,84161.997,7603.001,17243.001,47,330
Belgium,2014,0.4099999964,0.06700000167,1300,2200,1500,650,2,NA,4121.247,4326.285,69817.6,0,1453.801,18686.05,31969.002,209.39,2865.201,13199.087,4553.8,3784.896,82087.699,4187.999,21790.999,55,560
Belgium,2015,0.7699999809,0.1299999952,1400,3300,3800,2500,8,2,3986.949,5396.208,67379.3,0,1387.4,21363.016,24824.998,202.611,3034.201,15308.409,5490.6,3815.599,83101.701,2715.001,23714.002,77,1300
Belgium,2016,1.700000048,0.2800000012,2100,5200,11000,7100,20,7,2562.2012,5217.9792,82402.79980000001,0,1452.9999,21431.0488,41430,183.6594,3073.0998,15068.3794,5324.3001,3927.0999,83183.7,8465.0002,14648,110,1500
Belgium,2017,2.5999999049999998,0.5299999714,2700,7500,23000,12000,31,11,2337.5396,5505.6049,83125.3001,0,1360.9,22184.0708,40128.5,169.6522,3284.4,16550.0046,6399.1,3895.3,83766.1999,8167.7999,14189.4,220,1500
Belgium,2018,2.4000000950000002,0.7400000095,3600,11000,33000,9600,44,13,2255.2719,5211.9982,72070.6,0,1293.4999,23064.9843,27126.299899999998,154.6604,3876.0999,17799.8982,7418.3002,3827.3999,84222.7999,4308.4,21635.8999,240,2700
Belgium,2019,3.200000048,1,8800,19000,41000,8900,41,12,2426.7813,4990.9351,89940.0001,0,1150.6000000000001,24627.5483,41305.6,68.3968,4222.8999,19943.5352,9579.0999,3631.9001,83291.3,14589.000100000001,12734.4,360,6100
Belgium,2020,11,1.799999952,15000,32000,73000,32000,64,4,1811.5928,5084.7363,86123.9001,0,1279,25842.633,32605.8,115.7159,5075.8000999999995,24090.136599999998,12650.5999,3497.6,80897.5,14054.800000000001,13721.9001,480,8000
Belgium,2021,18,2.9000000950000002,23000,52000,120000,48000,85,21,1953.8461,4519.1543,96625.1001,0,1316.5,21692.3067,47891.7,174.1805,5577.9998,23237.0543,11823.3999,3606.2,83912.4001,23070.1,15193.6002,790,12000
Canada,2012,0.1400000006,0.01300000027,620,830,1600,1300,5,NA,60190.383,9449.492,614737.0009999999,0,376575,57324.11,89491.99799999999,6810.249,871.999,398121.491,11198,50312.001,517277.998,57864.999,10928.001,2,720
Canada,2013,0.2199999988,0.0270000007,1600,2400,3100,1500,5,NA,60924.819,9214.891,639533.999,0,387981.001,54804.340000000004,97583.999,7219.576,1484,416479.892,17784.999,53310,533968.999,62738.998,10694.002,7,1200
Canada,2014,0.349999994,0.05299999937,2800,5400,5300,2300,5,NA,61620.382,11716.789,641276,0,378785.999,53931.057,101207.999,7258.859,2098.999,414931.787,22315,56961.002,538339,58574.001,12808.001,55,2300
Canada,2015,0.4499999881,0.08399999887,4400,9900,7700,2400,5,NA,57911.702,8547.47,638493.999,0,378481.999,60323.174,96046.001,7381.864,2866.002,416605.471,26697,33263,545460.001,68287,8726,63,3400
Canada,2016,0.7599999905,0.1299999952,5200,15000,14000,6400,5,NA,58128.2191,11103.7731,645705,0,381687.9999,57752.5169,95686.9999,7438.3411,2975.0002,426408.7731,30623.0001,32537.882,549157.1182,73103,9302.9999,140,3900
Canada,2017,1,0.2099999934,8700,25000,22000,8000,5,NA,56172.0692,10620.581,644074.0001,0,390751,50699.1615,95565.0001,5473.8423,3276.0001,435851.581,31198,35406.737,546321.2631,72040.0002,9904,670,5200
Canada,2018,2.799999952,0.3799999952,23000,45000,42000,21000,5,NA,47229.7803,10275.6734,639751.9999,0,382145,62518.5243,95030.0001,5613.0692,3457,429034.6735,33137.0001,33506.9293,557829.0707,61401.0001,13195,840,7100
Canada,2019,3.4000000950000002,0.5899999738,32000,76000,60000,19000,96,79,44740.9896,10076.6059,633585,0,378062.0001,63770.8402,95469.0001,4920.5462,3714.9999,424401.6058,32547,33579.5016,552717.4983,60411.0002,13332.9999,980,8000
Canada,2020,4.199999809,0.8299999833,37000,130000,82000,14000,130,16,36135.542499999996,9367.2972,633403.0001000001,0,382789,68198.1847,92637.0002,4404.6764,4030.9999,431594.2971,35407,32909.9977,542646.0022,67421.0001,9784.0001,2300,11000
Canada,2021,6.400000095,1.200000048,59000,190000,110000,28000,250,130,32194.3263,9398.1114,626954,0,380161.0001,72649.3834,87385.9999,3918.6836,5063,430272.1115,35649.9999,32020.008,547346.9922,60393.0001,13016,3100,12000
Chile,2016,0.01300000027,0.002899999963,18,54,46,9,NA,NA,28870.5569,5683.8838,74199.9245,0,20527.9828,11301.931199999999,0,2779.4449,2589.864,31247.9915,2446.2606,2873,71324.9244,2,0,5,22
Chile,2017,0.06100000069,0.006500000134,120,170,61,15,NA,NA,28212.5298,5835.7978,77053.7669,63.8001,20888.826,12851.2942,0,1842.9401,3842.6971,34147.0029,3515.8822,4175.213,72839.0868,39.467,0,6,35
Chile,2018,0.0700000003,0.01099999994,100,280,130,68,NA,NA,28778.512000000002,5476.652,79907.797,214.1,22899.1238,12595.9761,0,1238.7637,5121.811,37294.545099999996,3582.858,3511.4358,76396.3611,0,0,8,61
Chile,2019,0.1400000006,0.01700000092,160,440,210,140,NA,NA,27086.3236,5193.0265,82100.1498,202,22027.3181,15274.3156,0,1126.7071,6300.53,38612.8035,4889.9289,3570.3231,78529.8272,0,0,42,130
Chile,2020,0.1599999964,0.02199999988,110,550,290,79,NA,NA,25099.1233,5041.8151,81600.425,216,21435.3321,14722.4407,0,1666.3957,7824.8859,40112.4651,5594.4321,3281.2201,78319.205,0,0,99,240
Chile,2021,0.1899999976,0.03500000015,270,820,590,300,1,1,25095.3563,4934.0772,85560.3781,323.9998,18960.0611,15310.3852,0,2947.1205,10371.993,42207.516,7617.3849,4225.4829,81334.895,0,0,120,360
Denmark,2012,0.2899999917,0.05600000173,490,1200,14,12,NA,NA,9760.472,4117.524,29200.388,0,17,3882.332,0,373.231,103.861,14508.385,10270,2149.999,32264.388,10705.999,15919.999,3,900
Denmark,2013,0.2800000012,0.0680000037,500,1500,14,10,NA,15,13299.131,4013.8360000000002,33138.123,0,13,3179.619,0,326.615,517.541,15667.377,11123,1913.998,32306.123,10377,11458.998,56,990
Denmark,2014,0.8999999762,0.1299999952,1600,2900,100,90,NA,1,10245.163,3976.721,30815.249,0,15,1940.65,0,292.61199999999997,595.518,17666.24,13079.001,1973.999,31696.25,9847.001,12701.998,120,1600
Denmark,2015,2.299999952,0.349999994,4300,7900,570,420,37,38,6598.894,3881.133,27921.142,0,18.03,1693.178,0,294.919,604.262,18636.517,14133.092,1765.406,32067.298000000003,9733.186,15644.747,270,2100
Denmark,2016,0.8500000238,0.400000006,1300,8700,1100,570,68,14,8104.9710000000005,4429.725,29081.069,0,19.27,2061.504,0,296.159,743.78,17974.506,12781.731,1872.68,32265.482,9919.366,14976.459,310,4200
Denmark,2017,0.6000000238,0.4199999869,710,8800,1800,620,83,15,5650.495,5689.548,29638.3,0,17.871,1836.792,0,253.82399999999998,751.486,21238.905,14780,1658.616,32542.4,10655.391,15218.107,370,4200
Denmark,2018,2.0999999049999998,0.5899999738,1500,10000,5200,3100,88,5,6123.511,5489.0755,29315.485,0,14.8621,1930.9903,0,245.8066,952.973,20358.8653,13901.955,2088.7749,32451.0519,10409.2669,15633.609,390,4300
Denmark,2019,4.199999809,0.9599999785,5500,16000,9900,3900,100,8,3088.2811,5543.3638,28683.716,0,16.9549,1960.8355,0,225.543,963.269,22673.4209,16149.833,1864.5679,32630.005,10171.042,15981.899,450,4500
Denmark,2020,16,2.299999952,14000,32000,30000,18000,150,45,2828.5401,5468.2878,27869.788,0,17.064,1093.9194,0,242.91649999999998,1180.532,22990.2348,16324.350999999999,2425.3199,32327.039,11711.401,18593.972,560,5400
Denmark,2021,35,5.199999809,25000,67000,78000,40000,230,78,4048.9094,8086.0801,31909.6698,0,16.294,1424.5874,0,238.2329,1308.929,25461.0581,16049.7548,1841.824,34936.6829,15251.0132,20119.8499,240,7000
Finland,2013,0.2099999934,0.01700000092,50,170,300,170,NA,NA,13610.798999999999,11375.637,68353.451,0,12672,6428.927,22673.001,221.625,6.452,24828.089,774,2602,81466.453,1875.999,17591.002,17,250
Finland,2014,0.4099999964,0.03400000185,180,360,570,260,NA,NA,11211.031,11155.061,65457.754,0,13240.001,5237.4439999999995,22646,223.87800000000001,7.752999999999999,25509.815,1107,2766,80658.752,3655,21622.001,26,360
Finland,2015,0.6000000238,0.05799999833,240,610,970,420,NA,NA,8339.86,10838.875,66153.524,0,16583.999,4930.643,22325.999,201.212,9.525,29759.398,2326.999,2434.999,80055.525,5121.998,21458.999,130,710
Finland,2016,1.200000048,0.1199999973,220,840,2400,1200,NA,NA,9932.1773,10890.5204,66191.1918,0,15634.1258,3532.8268,22279.9999,189.0224,22.066,29602.7122,3056.0000999999997,2586,82556.1916,3159.0002,22110.0001,140,710
Finland,2017,2.5999999049999998,0.2599999905,500,1400,5700,2600,NA,NA,8717.4085,11220.8015,65043.1799,0,14609.4747,3122.1455,21573.9999,174.0833,48.513,30673.9814,4795.1919,2767.9999000000003,82700.17970000001,1779.0001,22204,140,710
Finland,2018,4.699999809,0.5600000024,780,2400,13000,4900,NA,NA,9488.1031,12164.259,67532.9958,0,13137.1027,3952.0414,21881,249.71190000000001,90.2249,31230.2547,5838.6681,3024.0001,84444.9957,2611.9999,22548,220,710
Finland,2019,6.900000095,1.100000024,1900,4700,25000,6000,1,NA,7527.4903,12559.3619,66052.4106,0,12245.4823,3639.0117,22914.9999,289.1553,147.1819,30976.7724,6024.7459,3062.0000999999997,83032.4103,3896,23938,340,1800
Finland,2020,18,2,4200,9700,46000,13000,1,NA,4899.339,10943.1181,66598.4417,0,15669.3364,3774.761,22354.0001,190.1094,218.4709,34768.614,7937.6885999999995,3149.0002,78553.4415,6670.0001,21774,410,3900
Finland,2021,31,3.5999999049999998,10000,23000,77000,20000,1,1,5276.4,12828.6905,69321.4004,0,15623.1384,3614.5938,22646,161.5515,297.5181,36929.0909,8179.7442,3192,83897.4005,6723.9999,24491.9998,770,5800
France,2012,0.3300000131,0.02800000086,5700,8600,700,660,NA,NA,22830.148,4973.889,548012.838,50.916000000000004,63967.506,21532.858,404880.016,6894.368,4427.932,89051.02,15178.401,37855.369,458872.126,56734.001,12213.001,9,800
France,2013,0.5299999714,0.05799999833,8900,17000,1500,850,1,1,24788.85,5212.914,557770.899,81.216,76128.714,17315.85,403694.687,6015.877,5193.59,103151.674,16126.736,38785.214,463432.933,60148,11687,100,1700
France,2014,0.6899999976,0.09700000286,11000,28000,3600,2100,2,1,12977.762,5549.627,548505.966,74.88,68718.67,12362.627,415861.772,6033.836,6391.476000000001,98533.057,17323.78,34526.922,438832.517,75063.001,7872.999,110,1700
France,2015,1.200000048,0.1700000018,18000,45000,9300,5800,12,10,13677.933,6137.229,555126.785,82.824,59772.19,19895.38,416794.816,6279.828,7753.3279999999995,95647.624,21420.601,36140.431,448047.094,74023.999,9961,580,9900
France,2016,1.399999976,0.2599999905,23000,67000,17000,7600,46,34,11552.874,7096.549,540419.76,87.936,64881.05,32987.816,384008.124,6467.653,8659.763,102600.669,21380.983,37478.041,454717.136,61404,19903.001,1000,19000
France,2017,1.700000048,0.4600000083,26000,93000,54000,12000,92,46,14338.1283,7340.798,537849.5120999999,119.9376,54459.637,38207.8927,379093.955,6584.0207,9586.61,96631.7352,24609.4371,38599.301100000004,452017.0251,61248.0418,21119.1799,1000,20000
France,2018,2,0.6000000238,33000,120000,68000,15000,100,10,9945.7614,7903.949,557831.5679,114.39240000000001,69608.979,28878.8085,393134.3271,5394.2407,10924.925,117624.89199999999,28598.595,38620.285,448842.7259,76478.7852,13512.089899999999,1700,23000
France,2019,2.700000048,0.6600000262,45000,170000,85000,19000,170,60,5540.2924,8154.7359,547079.2648,115.7532,60818.159100000004,37088.2916,379464.0001,5579.8662,12329.8009,116613.23,34721.683,38092.724,444922.8309,73298.799,15631.7501,2000,28000
France,2020,11,1.100000024,110000,280000,160000,75000,380,210,4663.7179,8267.6895,509727.344,119.9988,66272.538,33250.1245,335414.2381,5279.016,13204.2598,128355.89050000001,40015.5412,35896.94,422590.25,64575.296,19536.1022,3300,31000
France,2021,17,1.899999976,170000,440000,300000,140000,400,14,6923.7113,9032.6292,532286.692,90.36840000000001,63163.5041,31402.2073,360703.834,5398.3398,15371.3302,125224.5523,37088.856,39194.3381,442285.0391,69226.701,24334.4511,4500,50000
Germany,2012,0.1099999994,0.0120000001,2200,3900,1400,1200,86,29,265803.124,40136.214,591431,24.999,27272,72094.313,94180,7085.592,26380.001,144484.215,50671.001,24561.999,538206,66810,46267.998,18,1500
Germany,2013,0.2300000042,0.02800000086,5200,9200,3000,1600,110,23,277334.703,42214.681,600925.998,69.001,28311,63754.241,92127,6676.215,31010,153312.682,51708,24474.003,536440.001,71415.001,39222,47,2400
Germany,2014,0.4499999881,0.05600000173,9100,18000,7400,4400,120,8,264055.648,44753.498,590874.002,67,25047.999,57712.993,91799.999,5242.93,36056,163281.499,57357.002,24159.001,524827.001,74320.001,40435.001000000004,120,2600
Germany,2015,0.7300000191,0.09700000286,12000,26000,19000,11000,180,63,262351.439,46537.305,610292,91.001,24463.002,58272.887,86765,5741.568,38725.999,188901.308,79084.001,25605,528350.002,85289.99799999999,37008.001,470,4600
Germany,2016,0.7400000095,0.1400000006,11000,34000,32000,13000,180,NA,254021.3125,47354.4686,614332.0001,164.0001,25665,76518.0672,80037.9999,5435.6893,38098,189697.4686,78415.9999,25759.000200000002,530551.0002,78862.9999,28337.9999,630,5800
Germany,2017,1.600000024,0.2199999988,25000,54000,50000,29000,260,82,235206.0735,47368.1288,619053.0001000001,157.0001,25895,81575.0329,72154.9999,5182.8081,39401,216528.1288,103706.9999,27024.0001,531318.0001,80301.0001,27842.0001,1400,9400
Germany,2018,2,0.349999994,36000,83000,82000,31000,370,110,221937.1556,47172.8132,605651,126.00019999999999,23703.9999,77477.4964,71865.9999,4816.2815,42607.0001,221498.81329999998,107889,26660.9999,521808.9998,80462.9999,31726.9999,2500,17000
Germany,2019,3,0.5,63000,140000,100000,45000,540,200,169042.9643,46607.7581,575863.9999,143.9998,25507,84381.5482,70992.0001,4440.6939,43512.9999,239316.758,123544.9999,27474.0001,507542.9999,72792.9999,40126,3900,26000
Germany,2020,14,1.299999952,190000,310000,300000,200000,740,200,133911.5167,47462.038499999995,547662.0003,173.0002,25100,89726.9319,60913.9999,4374.2869,48525.0001,250904.0383,129644.0001,26939,492822.0001,66882,47853,6200,37000
Germany,2021,26,2.5999999049999998,360000,620000,630000,330000,1200,460,163142.5372,45805.1893,563415.0001,174,24794.0001,90521.2317,65444,4252.4685,49482.0001,232303.1893,112048,26582.0001,510102,70306.0001,51731,9300,50000
Italy,2012,0.03299999982,0.003199999919,460,1200,NA,NA,NA,NA,51562.615,11899.138,287803.384,5252,43256.383,122982.224,0,18000.699,18637.002,92377.523,13333,21000.001,307217.382,2303.998,45407.001,1,1400
Italy,2013,0.07999999821,0.005799999926,860,2000,180,180,NA,NA,46082.942,16243.492,278833.393,5320,54068.394,103464.015,0,14712.559,21229.001,111672.887,14812,21186.999,297289.391,2199.999,44338.001000000004,6,1400
Italy,2014,0.1000000015,0.009399999864,1000,3100,520,340,10,10,44121.059,17766.399,269147.935,5567.002,59574.936,88800.697,0,13431.487,21837,119834.336,15088.999,19450.999,291083.935,3031.0009999999997,46747,10,1400
Italy,2015,0.1400000006,0.01499999966,1500,4400,1300,740,11,1,43222.174,18471.414,272428.421,5824,46450.422,105569.978,0,12745.342,22588.001,108039.839,14706.002,19716.999,297180.421,4471.002,50849,70,1700
Italy,2016,0.150000006,0.02199999988,1400,5800,2700,1300,11,NA,36746.22,18667.343,279702.622,5867,43784.621,120705.732,0,11607.646,21756.999,107598.961,17522.998,18753.001,295508.62,6153.999,43181,170,2300
Italy,2017,0.25,0.03400000185,2000,7800,5600,2900,11,NA,33566.589,18533.612,285265.65,5821.461,37556.719,134232.465,0,11024.327,24016.819,103493.942,17565.331000000002,18667.622,301880.516,5134.231,42894.882,390,2400
Italy,2018,0.5099999905,0.05799999833,5000,13000,10000,4700,12,1,29614.2366,18322.6337,279844.619,5757.323,49929.0041,122967.5331,0,10551.196,22265.364,113831.1327,17556.8078,17988.1589,303442.97,3271.4149,47170.2041,570,2900
Italy,2019,0.8999999762,0.1000000015,11000,23000,17000,6500,28,17,20344.6174,18726.6275,283950.056,5688.802,47590.056899999996,135632.3816,0,9719.2484,23319.7818,115359.6683,20034.4,17818.22,301803.8529,5833.7071,43974.9401,860,8300
Italy,2020,4.300000191,0.25,33000,55000,44000,27000,35,7,14432.2088,18836.6282,271647.989,5646.855,48951.8481,128255.1249,0,9635.4934,24551.025,116594.5543,18608.1979,17365.85,283814.5427,7589.5549,39789.9399,1200,12000
Italy,2021,9.5,0.5899999738,67000,120000,110000,71000,45,10,15311.2981,18323.1728,280045.209,5535.5091999999995,46919.3059,138353.0526,0,7444.3524,24632.682,116134.269,20723.5989,19031.94,300886.93,3781.8871,46571.6981,2200,20000
South Korea,2018,3.799999952,0.3300000131,55000,55000,5600,4400,900,910,248491.98560000001,7235.2681,566105.8754,0,7217.388,148626.577,127077.8981,12524.0506,9207.119999999999,26608.1805,2463.0516,18183.0707,542817.1456,0,0,5200,22000
South Korea,2019,2.299999952,0.5299999714,33000,89000,11000,2700,5100,4200,224202.7563,8155.375,546659.675,0,6215.4998000000005,141076.3234,138679.20380000002,8963.0576,12995.0302,30519.296000000002,2679.0699999999997,19000.4751,523071.581,0,0,7400,37000
South Korea,2020,2.4000000950000002,0.7400000095,31000,120000,24000,8700,10000,5000,192761.4277,8007.2552,553066.287,0,7092.7281,159506.258,152583.936,7039.3328,17965.577,36672.4833,3149.6600000000003,18609.971,530105.3061,0,0,9800,37000
South Korea,2021,5.800000191,1.200000048,72000,190000,44000,19000,19000,9200,191723.6132,7089.8251,578974.51,0,6699.4601,182605.7024,150456.5489,7714.542,23391.462,40815.646,3179.931,19424.2179,554773.9868,0,0,15000,92000
Portugal,2011,0.1099999994,0.01899999939,170,910,NA,2,NA,NA,9487.36,2816.92,51128.055,186,11986.514,14369.765,0,2585.7110000000002,279.93,24371.972999999998,9102.609,4090.001,49114.051999999996,3929,6741.998,6,1100
Portugal,2012,0.08799999952,0.02300000004,54,960,NA,30,NA,NA,12551.864,2829.374,45254.702,134.004,6607.283,10233.698,0,2100.45,392.644,20120.078,10156.773,4706.999,47111.704,2870.998,10766.002,7,1100
Portugal,2013,0.1700000018,0.0270000007,150,1100,37,35,NA,NA,11337.179,2921.924,50411.9,174,14767.161,6922.212,0,1626.164,479.141,30239.827,11897.601,5454.999,46273.902,5324.001,8100,17,1200
Portugal,2014,0.200000003,0.02899999917,190,1300,46,98,NA,NA,11438.024,2916.927,51527.109,183,16297.396999999999,6540.114,0,1298.645,627.314,32006.033,11981.395,5208.997,46140.109,6343.999,7246.999,17,1200
Portugal,2015,0.6200000048,0.05299999937,670,2000,530,430,NA,NA,14106.605,2973.2400000000002,50940.181000000004,182,9731.391,10117.062,0,1256.731,796.155,25164.421000000002,11481.635,4894,46852.182,5811,8076.999,22,1200
Portugal,2016,0.8700000048,0.09300000221,800,2800,1600,1000,NA,NA,12122.739,2947.658,58861.817,152,16794.114999999998,12076.667,0,1247.788,870.604,33107.475,12343.098,4901.104,47355.711,9701.001,4615.999,41,1300
Portugal,2017,2,0.1899999976,1900,4700,4100,2500,NA,NA,14106.7646,3097.5016,57668.9718,193.0071,7489.938,18174.1038,0,1231.1543,991.546,23884.4566,12112.4639,5100.8008,47660.3002,8189.7041,5505.7321,150,1500
Portugal,2018,3.5999999049999998,0.3600000143,4300,8700,8000,3900,NA,NA,11553.2209,3036.7383,58197.2161,204.1701,13525.8518,15022.4059,0,1079.5248,1004.0162,30292.5884,12521.8121,5060.0001,48897.03,8324.536100000001,5667.568,180,1600
Portugal,2019,5.599999905,0.6200000048,6800,16000,14000,5800,NA,NA,5375.8417,3267.8833,52185.1999,191.5179,10174.7792,16774.0335,0,1217.8176,1340.5798,28550.9192,13576.1592,4947.661,48809.9999,4700.037,8099.208,360,1600
Portugal,2020,13,1.100000024,7800,23000,26000,12000,NA,NA,2310.5718,3701.6102,52278.2652,193.1891,13500.9369,17208.0245,0,1177.3108,1714.4731,31325.8394,12215.630000000001,4501.381,47245.9988,6096.853,7553.1129,650,2200
Portugal,2021,20,1.700000048,13000,37000,41000,16000,3,1,784.9466,3927.2395,50311.3935,158.7541,13360.9691,15280.7989,0,1208.5625,2236.022,32756.9968,13074.012200000001,4942.108,48138.8263,4791.4331,9544.4179,1400,2800
Switzerland,2012,0.2300000042,0.02800000086,340,740,440,400,NA,NA,0,1461.873,68159.016,0,39906,866.8249999999999,24345,48.485,300.001,41755.87,87.99600000000001,4576.013,58972.002,33749,31549,4,400
Switzerland,2013,0.4300000072,0.05799999833,1200,1900,600,170,NA,NA,0,1544.267,68514.99,0,39572.001,717.601,24870.999,41.437000000000005,499.998,41706.266,90,4663.99,59322.998,32270,29874,27,600
Switzerland,2014,0.9599999785,0.1199999973,2700,4600,810,200,NA,NA,0,1605.42,69985.931,0,39308,478.033,26370,32.328,842.001,41856.425,101.00399999999999,4673.93,57465.998999999996,34021,28530,99,1300
Switzerland,2015,1.700000048,0.25,3300,7800,3200,2400,10,10,0,1540.896,66117.65,0,39486,598.108,22095,33.794000000000004,1119,42255.9,110.00399999999999,4539.653,58246.998,35067.998999999996,34033,260,3400
Switzerland,2016,1.899999976,0.3600000143,3300,11000,5000,2800,36,26,0,1661.8888,61699.570999999996,0,36326.0001,816.3662,20235,31.283,1333,39429.888699999996,108.99959999999999,4461.6799,58238.891,30173.0001,34095.9999,350,3500
Switzerland,2017,2.700000048,0.5400000215,4800,16000,9000,3600,37,1,0,1766.9405,61657.2498,0,36666,687.3799,19499,33.8561,1683.2079,40248.7487,132.6001,4561.14,58486.109899999996,30946,36496,580,3500
Switzerland,2018,3.200000048,0.7699999809,5100,21000,14000,4400,59,22,0,1737.1254,67450.7861,0,37427.9998,589.9643,24413.999900000003,22.688699999999997,1945.0999,41232.0253,121.8,4229.5641,57647.222,32607,31020,740,4400
Switzerland,2019,5.599999905,1.100000024,13000,34000,16000,4300,84,25,0,1784.6102,71746.0683,0,40555.9999,575.1348,25280,29.809199999999997,2177.6709,44664.1811,145.8999,4155.865,57197.203,35764.9999,29505,920,5400
Switzerland,2020,14,1.799999952,20000,54000,30000,14000,84,NA,0,1891.5953,70019.981,0,40616.0001,587.2681,22990.0001,20.029600000000002,2598.659,45251.7045,145.4501,4287.0948,55713.8859,32548,26988,1000,6700
Switzerland,2021,23,2.9000000950000002,32000,86000,53000,22000,140,56,0,1963.3274000000001,64623.0779,0,39500,479.70730000000003,18529.9999,30.4198,2842.0028,44450.2702,144.94,4777.189,58113.889,29118.9999,31532,1900,8200
Australia,2018,0.4199999869,0.07699999958,1800,5200,5700,1800,NA,NA,146846.2601,3190.9579,247771.2376,0,17819.0813,46601.462,0,4189.3431,12278.0257,50134.172399999996,16846.1071,10089.1142,237271.8207,0,0,61,670
Australia,2019,1.200000048,0.1400000006,6300,12000,8600,2900,NA,NA,140407.6212,3052.0138,251773.3681,0,14275.7027,50938.6648,0,4751.7014,18630.0705,55675.3804,19717.5932,9654.7062,241563.44090000002,0,0,106,1700
Australia,2020,1.100000024,0.1800000072,5200,17000,10000,1700,NA,NA,133924.5624,2988.4945,252024.5702,0,14880.5986,48812.8267,0,3986.2661,24597.6861,65300.9151,22834.1362,9719.1437,241661.5044,0,0,184,2300
Australia,2021,2.799999952,0.3199999928,17000,34000,14000,3400,44,44,128337.1033,3028.7433,255688.9426,0,16324.3373,44001.090000000004,0,4120.4525,33006.0835,79230.2964,26871.1319,11180.2828,243706.8713,0,0,320,2000
Greece,2013,0.005100000184,6.7e-5,3,3,NA,NA,NA,NA,23590.367,192.967,52560.001000000004,0,6375.001,9702.015,0,4836.7119999999995,3647.999,14354.967,4139,3894.999,50497.999,3901.001,5788.001,2,10
Greece,2014,0.0549999997,9.50000016e-4,39,42,NA,NA,NA,NA,23224.119,198.449,46702,0,4594.999,6112.276,0,5000.9529999999995,3791.999,12274.448,3689.001,4149.001,51185,641.999,9461,2,14
Greece,2015,0.07800000161,0.00270000007,35,97,22,22,NA,NA,19877.461,207.703,47806.001,0,5833.999,8173.253,0,5091.874,3900,14562.704,4621.002,4895,52445.001000000004,1473.001,11080.998,2,14
Greece,2016,0.1199999973,0.004999999888,41,140,78,56,NA,NA,16884.7042,245.526,50226.705,0,5565.093,13294.592200000001,0,4976.0833,3929.716,14886.231,5145.896,3957,55033.705,1037,9833,2,15
Greece,2017,0.2199999988,0.009600000456,50,190,220,140,NA,NA,16660.659,275.261,50589.214,0,4039,15193.954,0,4891.876,3991.476,13842.725,5536.987999999999,1101.788,55614.428,2458.998,8696,2,22
Greece,2018,0.2899999917,0.01700000092,88,280,440,210,NA,NA,16050.2518,293.3289,50083.654200000004,0,5051.4471,13150.2556,0,5180.2163,3790.6522,15435.6868,6300.2591,5242,51096.1499,2271.9999,8550,10,31
Greece,2019,0.4199999869,0.02899999917,190,470,730,290,NA,NA,11006.476200000001,365.147,45556.9999,0,4044.37,13160.0749,0,5056.0318,4428.51,16071.3739,7233.3468,3692.416,51735.304000000004,1122.9999,11067,10,63
Greece,2020,2.5999999049999998,0.08299999684,680,1100,2200,1500,NA,NA,5984.9793,410.9783,45334.7431,0,3438.303,17423.1922,0,4283.7973,4446.854,17606.2392,9310.1042,5213.3551,48847.365,967,9831.0001,14,220
Greece,2021,6.900000095,0.2599999905,2200,3300,7000,4800,NA,NA,5047.4338,501.4696,53055.958,0,5953.41,21344.666400000002,0,4435.129,5250.9782000000005,22188.8387,10482.981,5612,51044.9581,3896.9998,7580.9999,100,1200
Mexico,2015,0.00800000038,0.001099999994,92,240,7,7,NA,NA,32243.757,1278.988,297776.947,5995.001,30614.001,177633.455,11177.001,30115.981,238.999,46579.933,8452.944,40639.999,256466.946,2320.001,1650,6,83
Mexico,2016,0.05299999937,0.00419999985,250,500,530,520,NA,NA,32524.4786,1373.902,302876,5822,29743.9999,181940.5924,10272,32105.2151,464.00010000000003,45965,9935.0001,39973.0901,263166.9097,1967.9999,2232,6,240
Mexico,2017,0.08600000292,0.008899999782,230,730,1500,970,NA,NA,29660.6836,1954.2011,309919.0001,6661.9998000000005,31739,181485.0264,10572.0001,36770.7517,1050,51318.2011,9913.0001,44232.472499999996,266033.5277,1804,2151.0001,50,700
Mexico,2018,0.1400000006,0.01499999966,200,930,3100,1600,NA,NA,26309.3237,2189.0714,346093.0001,5089.9999,32326,195418.9433,13317,45463.6985,1355,53752.0716,12792,42177.9925,305162.0073,2426,3673,76,1100
Mexico,2019,0.1400000006,0.02099999972,290,1200,4400,1400,NA,NA,25473.8986,2063.3308,338329.9999,5061.0001,23537.0002,189443.9784,10881,45122.6139,6972,54411.330799999996,16778,39872.7198,299280.28,3084.0002,3907,76,1100
Mexico,2020,0.4499999881,0.03500000015,1800,3100,6400,2000,NA,NA,17059.3797,2011.8398000000002,312233.27,5031.0001,26615.0001,176636.1928,10864.2699,45260.5011,9004.9999,62250.8397,19587.9999,36443.8341,279799.4359,5955,9965.0002,76,1100
Mexico,2021,0.7200000286,0.05900000036,3000,6100,9900,3500,NA,NA,16892.4097,1650.1759,375591.9998,4345.0001,34477.9999,219189.0268,11605.0002,50988.1744,12751,73846.1761,20621.9999,42045.8059,332590.1941,2693,1737,76,1100
Netherlands,2010,0.02500000037,0.003599999938,120,270,11,NA,NA,NA,24817.376,6774.434,114825.008,0,105,72463.85,3752,1205.278,55.870999999999995,10928.442,3993.137,5633,111967.008,12808.002,15583,21,400
Netherlands,2011,0.1599999964,0.01499999966,860,1100,26,17,NA,NA,23650.362,6748.202,109144.642,0,57,66420.443,3915.0009999999997,1344.183,104.471,12009.844,5100.171,5198.001,113035.64199999999,11531,20620,21,400
Netherlands,2012,1,0.07900000364,790,1900,4400,4300,NA,NA,26182.426,6905.702,99174.341,0,104.389,54222.939,3741,1015.164,190.645,12182.565,4981.829,5191.065,111093.137,15045.863,32155.724,21,2800
Netherlands,2013,5.5,0.3600000143,2600,4200,24000,20000,NA,NA,26339.795,5695.092000000001,97449.79,0,114.31,53628.416,2737,1150.615,410,11846.548,5627.146,5133,110553.791,15015.001,33252,21,5800
Netherlands,2014,3.9000000950000002,0.5500000119,2700,6800,37000,12000,2.200000048,2.200000048,30868.990999999998,4772.986,98714.698,0,112.202,49057.128,3873,1814.814,725.1610000000001,11407.684,5797.335,4934.001,108507.696,18128,32854.998999999996,120,12000
Netherlands,2015,9.5,1.100000024,3400,9400,79000,39000,26,19,40385.137,4718.2119999999995,105902.363,0,92.7,45206.501,3857,1272.156,1108.518,13469.305,7549.875,5264.443,109386.05,22011.879,30760.010000000002,220,18000
Netherlands,2016,5.800000191,1.399999976,4000,13000,99000,18000,33,7,37914.376000000004,4712.447,110988.995,0,100.078,50540.532999999996,3749.9049999999997,1218.378,1601.811,14584.791,8170.455,5433.832,110469.535,19343.254,24257.626,400,32000
Netherlands,2017,1.799999952,1.399999976,8700,21000,97000,2500,39,7,32779.7064,4431.2514,113399.5278,0,60.7569,55638.752,3277.6641,1135.621,2204.346,17265.1674,10568.8131,5414.279,111491.4618,18951.5031,22457.716,410,33000
Netherlands,2018,4.699999809,1.600000024,25000,44000,95000,5100,52,13,29247.6536,4418.5821,110848.611,0,72.3481,55548.128,3395.4959000000003,1235.3481,3707.7921,18747.2335,10548.5109,5333.822,113484.71399999999,18784.6638,26754.5891,820,36000
Netherlands,2019,11,2.299999952,63000,110000,92000,6700,210,160,19415.4208,5623.0914999999995,117859.3329,0,74.182,68330.7164,3700.299,1364.8262,5399.4051,22604.6053,11507.9272,5058.608,113655.9601,19547.62,20402.8549,1300,46000
Netherlands,2020,16,3.0999999049999998,76000,170000,98000,18000,360,170,9764.6246,8543.4456,119839.31910000001,0,46.0659,70101.5901,3865.1119,1306.1622,8568.31,32435.547599999998,15277.7259,4744.4089,112435.362,22432.831,19773.283,2100,63000
Netherlands,2021,19,4.300000191,70000,240000,140000,40000,490,140,16666.7997,10479.1733,118286.2469,0,88.24,54414.2303,3618.032,1289.8351,11303.873099999999,39917.3051,18046.019,4797,113742.1969,20632.446,20885.3959,2600,81000
Norway,2010,0.2800000012,0.1199999973,360,2700,2,NA,NA,NA,134.77700000000002,353.419,123141,0,116670.001,4857.005,0,30.948999999999998,0,117902.418,878.998,9553.998,120546,7124.001,14673,18,2800
Norway,2011,1.399999976,0.1700000018,2000,3900,3,NA,NA,NA,140.971,338.927,127040,0,121054.001,4056.1279999999997,0,27.996,0,122675.93000000001,1283.002,7298,114847.998,14329,11254.001,18,3100
Norway,2012,3.0999999049999998,0.3600000143,3900,8000,340,320,NA,NA,167.001,326.001,147130,0,142275,2633,0,34.999,0,144149.001,1548,9158,118606.00200000001,22006,4191.002,58,3700
Norway,2013,5.800000191,0.6399999857,7900,15000,660,340,NA,NA,150.001,395.998,133486,0,128112.001,2451,0,37.002,0,130388.99799999999,1880.999,8060,119617.999,15141,10135.001,96,4500
Norway,2014,15,1.399999976,20000,33000,2300,1700,4,4,157.001,258.001,141341.999,0,135559,2601.001,0,28.999,0,138032.001,2215,7605,117155,21932,6347.003,110,5200
Norway,2015,22,2.700000048,26000,59000,10000,7900,13,9,151,255.999,143903.999,0,137810.001,2599,0,23,0,140579,2513,7469,120177.999,22016,7371,330,5200
Norway,2016,29,4.300000191,24000,83000,31000,21000,40,20,146,232.999,148479,0,142853.997,2599.999,0,30,0,145202.995,2115.999,9169.999,122026.003,22150.999,5740,500,7000
Norway,2017,39,6.400000095,33000,120000,60000,29000,70,30,186.001,258.998,148763.003,0,142397.002,2521.001,0,28,0,145508.002,2852.002,9152.999,123380.003,21276,6111,920,8300
Norway,2018,49,8.899999619,46000,160000,87000,27000,120,45,175.5899,201.25990000000002,146346.45,0,139009.2321,2149.0272,0,429.6536,2.317,143089.0498,3876.2409000000002,7563.9999,127586.344,18488.9022,8339.724,1200,9300
Norway,2019,56,12,60000,220000,110000,19000,180,29,159.8773,248.1812,134075.9252,0,125258.6622,2016.3076,0,334.622,12.8421,131042.9222,5523.2371,6995.9999,126066.154,12308.9999,12353.000100000001,4000,10000
Norway,2020,75,17,77000,340000,150000,29000,200,16,178.0711,234.3294,154249.307,0,141581.9631,0,0,214.5518,82.322,151809.5653,9910.951000000001,6351.0001,126474.4721,24968.2649,4496.1449,5300,12000
Norway,2021,86,21,110000,450000,180000,38000,230,39,185.0967,207.2242,157202.1581,0,143699.1741,0,0,385.3431,108.9389,155782.3712,11767.0342,7022.0001,132020.6082,25818.888,8235.069,6700,13000
Spain,2012,0.07599999756,0.004499999806,430,890,120,110,NA,NA,53623.026,4766.513,286574,0,23747,70207.656,58827,14673.044,11625.002,88403.515,48265,25675,244677.002,18986,7787,91,400
Spain,2013,0.1199999973,0.008600000292,810,1700,190,72,NA,NA,39222.909999999996,5502.139,275399,0,40589.998,54600.051,54473.001000000004,13060.701000000001,12661.999,113395.136,54641,26694,236045.999,16637.999,9886.999,91,800
Spain,2014,0.200000003,0.01600000076,1400,3100,520,330,NA,NA,42855.739,5122.441,268380.001,0,42518.999,44727.217,54961.001,13360.546,13177,111826.439,51007.999,26393,233379.001,15715.999,12310,110,800
Spain,2015,0.200000003,0.02600000054,1300,4400,1300,780,NA,NA,50039.076,5475.458,269750.999,0,30828,49869.986,54755.001,16377.927,13351.001,97776.458,48121.998999999996,26508.999,238589,15089,14956,240,1400
Spain,2016,0.3100000024,0.03999999911,2000,6500,2800,1500,NA,NA,35670.309,5418.214,264343.996,0,39180,50305.867,56099.998999999996,16115.595,13050.998,105361.21399999999,47712.002,26720,240471.99599999998,14178,21844.999,230,3300
Spain,2017,0.6000000238,0.07100000232,3900,10000,6300,3500,NA,NA,44217.326499999996,5798.4618,264918.0001,0,20708.0002,61091.8239,55540,15040.8935,13778,88213.462,47928.9999,23823,246657,14592.9999,23761.9998,600,4300
Spain,2018,0.8799999952,0.1199999973,6000,16000,12000,5600,1,1,36853.7495,5626.6792,263827,0,36170.0001,55213.9913,53234.0001,13800.642100000001,12224,103674.6794,49653.9999,25596.0001,246133.9999,12916,24017.9999,620,4400
Spain,2019,1.399999976,0.1899999976,10000,26000,19000,7400,2,1,13445.9985,5358.3968,263795.9999,0,26411.0001,80494.2362,55823.9999,12389.1288,14493,100570.3968,54289,24790,242843.3261,11858.5142,18720.8398,1000,4500
Spain,2020,4.900000095,0.3600000143,18000,45000,43000,24000,9,7,5909.5393,5898.9677,254591,0,33413,67023.1516,55757.000100000005,10287.153699999999,20057.9999,114462.9677,55066.999899999995,25631,227619.584,14648.779999999999,17928.364,2100,6000
Spain,2021,7.800000191,0.6200000048,24000,69000,86000,43000,19,10,5782.8111,6675.6669,265331,0,32283.0002,68753.3351,54041,9657.8905,26410.000200000002,125934.6667,60547.9997,26728.0001,235109.439,16558.7839,17411.2231,2600,5600
UK,2011,0.06199999899,0.008999999613,1200,2600,28,7,NA,NA,105421.789,12824.46,351530.002,0,8550.001,141112.39,62654.999,3004.319,244,37582.456,15962.999,27990.001,325919.902,2467,8689.999,36,1500
UK,2012,0.1299999952,0.01700000092,1600,4100,990,970,NA,NA,137810.316,14093.112,345889.001,0,8242,95806.417,63949.001,2766.021,1354.002,43540.11,19847,28293.999,325481.251,1911.001,13775.001,36,2800
UK,2013,0.1599999964,0.0270000007,2600,6200,2000,1100,NA,NA,125698.149,17279.94,340434,0,7561.0019999999995,91490.512,64133,1973.133,2010,55252.944,28396.998,26550.001,324385.418,3100.999,17531.999,260,5400
UK,2014,0.5899999738,0.0719999969,6700,12000,9700,7800,NA,NA,96964.033,21578.3,321617,0,8705.001,96246.663,57903.001,1830.626,4054,66298.304,31958.999,54754.776,310805.801,2760.6349999999998,21388.553,520,7200
UK,2015,1.100000024,0.1599999964,10000,21000,27000,19000,NA,11,74929.211,29162.458,327447.163,0,8976.131,97235.794,63894.555,1983.263,7532.865,85948.178,40274.72,55719.009999999995,316235.03,2003.268,21322.513,1100,8200
UK,2016,1.399999976,0.2700000107,10000,30000,55000,29000,NA,10,30131.0785,28818.2281,321910.4131,0,8268.25,137408.1666,65149.0802,1812.2194,10395.1062,84641.0131,37159.4198,26330.4759,309310.6472,2272.8701,20017.92,1800,11000
UK,2017,1.899999976,0.400000006,14000,42000,87000,35000,34,34,22097.0328,30268.0344,320849.2051,0,8679.49,129773.7824,63886.8601,1533.9501,11457.269,100050.11069999999,49641.123,26834.961,304914.9889,3407.04,18166.975,2200,13000
UK,2018,2.5999999049999998,0.5699999928,16000,56000,130000,46000,70,36,17123.842,33873.598,319728.4622,0,7871.6422,126886.86780000001,59097.7532,1616.2117,12668.3908,111330.544,56907.615,26661.1289,308784.1262,2224.7639,21332.423,2700,15000
UK,2019,3.299999952,0.7599999905,38000,91000,160000,37000,170,68,7666.6473000000005,36219.3087,311729.9058,0,7615.678,127467.3869,51032.091,1461.5561,12418.06,120101.9348,63834.8969,26371.0859,304168.846,3385.117,24555.5951,2800,14000
UK,2020,11,1.299999952,110000,190000,220000,68000,230,57,6273.917600000001,38167.2862,299515.8451,0,8278.6449,107369.6195,45668.027,1339.2415,12503.987000000001,134341.064,75379.8679,26496.0508,288861.3219,4480.8428,22390.724299999998,3900,17000
UK,2021,19,2.0999999049999998,190000,380000,330000,120000,240,12,7222.3082,38906.505,297721.1602,0,7189.2309000000005,119464.8067,41694.7431,1763.7721999999999,12075.493,122839.8401,64663.14,26171.159,293615.2221,4165.547,28742.9181,5200,23000
USA,2010,0.0120000001,0.001700000023,1200,3800,NA,NA,NA,NA,1878219.973,58153.225,4158959.001,15219.001,284270,958673.975,806968.001,45289.519,3847.998,456142.223,94651.999,260999,3894367.001,19107,45083,369,480
USA,2011,0.150000006,0.009899999946,9800,14000,8000,8000,NA,NA,1766487.009,58700.389,4136136,15364.001,342301.002,984544.532,790204.001,37228.406,6083.001,542625.391,120176.998,259528.001,3885019,15038,52300.999,532,3900
USA,2012,0.4199999869,0.03400000185,15000,28000,47000,39000,NA,NA,1547952.902,60384.509,4077151,15562,296016.001,1191086.288,769331.001,31148.756,9991.997,522776.507,140822,268753.001,3830933.002,11995.002,59257.001,767,12000
USA,2013,0.7099999785,0.07800000161,48000,76000,96000,49000,NA,NA,1613428.237,63069.825,4093400.999,15775.002,287822,1091493.613,789016.001,34727.553,15678.002,550184.829,167840,255321.999,3871734.999,11353.002,68946.999,1106,15000
USA,2014,0.7699999809,0.1400000006,63000,140000,150000,55000,55,55,1612330.658,66672.641,4123552.001,15876.999,279420,1093353.935,797166,37542.784,25240.001,568864.642,181655.001,255321.999,3895216.002,13297.999,66511.001,1596,20000
USA,2015,0.6999999881,0.1899999976,71000,210000,190000,43000,160,100,1388200.016,66123.188,4109219,15918.001,269190.999,1295313.1099999999,797177.9990000001,36651.009,35031.998,576983.186,190719,255322,3895365.002,9100.001,75770.001,3500,28000
USA,2016,0.9900000095,0.2599999905,87000,300000,270000,73000,1200,1100,1279056.933,65195.316,4119444.619,15826.001,290254.426,1339575.398,805693.9990000001,32834.286,49231.09,647498.933,226992.1,234807.001,3922010.62,6213.999,72716,3100,35000
USA,2017,1.299999952,0.3300000131,100000,400000,360000,94000,3500,2300,1246298.241,64943.113,4086002.607,15926.764,323094.434,1261655.223,804949.636,30568.98,70171.908,728586.908,254450.689,226114,3886956.079,9370.805,65684.916,3400,40000
USA,2018,2.299999952,0.4799999893,240000,640000,480000,120000,6200,2700,1196223.082,63833.629,4236927.397,15967.1339,314026.9439,1428544.4915,807084.4770000001,40365.6415,84223.712,750808.0751,272756.65619999997,211136,4042840.013,13804.4921,58260.602,4200,50000
USA,2019,2.0999999049999998,0.6200000048,240000,880000,570000,85000,8200,2000,1011530.6696,59766.3065,4195573.397,15472.7169,308646.127,1550903.6391,809409.2622,33849.4185,96356.9849,775304.5655,295062.4301,244112.0001,3964472.6861,20008.0321,59052.461,13000,64000
USA,2020,2.299999952,0.7699999809,230000,1100000,640000,64000,9200,1200,811761.1042,57169.8241,4080723.8819999998,15889.697,306347.3391,1593739.5331,789878.863,35487.0172,118235.1638,835722.3071,338080.283,197969,3903674.4171,14134.679,61448.8631,17000,82000
USA,2021,4.699999809,0.9499999881,470000,1500000,720000,160000,12000,3100,939790.1266,56470.291,4187448.8378999997,15974.767,272202.4118,1548771.9949999999,778187.9879000001,34239.1907,150113.257,873123.2281000001,378362.501,244112,3956919.174,13855.418,53167.007900000004,22000,92000
Sweden,2013,0.5299999714,0.05799999833,430,1000,1600,1100,3,3,1424.647,11288.732,149538.999,0,60945.001000000004,825.212,63597,405.211,35,82110.734,9842.001,10003,129341.044,22675.999,12674,383,5
Sweden,2014,1.399999976,0.150000006,1200,2200,4900,3400,3,NA,1059.58,10321.735,149956.999,0,63335,398.551,62185,289.502,47.001,84938.736,11235,7334.999,126845,29475,13851.999,462,1000
Sweden,2015,2.4000000950000002,0.3100000024,3000,4800,9800,5700,4,1,1216.749,10387.226,159044.999,0,74860.999,410.086,54347,243.157,97,101667.226,16322.001,6988.001,129275,31894,9294.001,557,1100
Sweden,2016,3.4000000950000002,0.5500000119,2900,7500,19000,10000,7,3,1014.3017,11085.9029,152530.5627,0,61763.5626,601.2464,60523.9999,384.1029,143,88471.4654,15479,8568.9999,132056.5626,26022,14287.000100000001,672,1700
Sweden,2017,5.099999905,0.8899999857,4400,11000,32000,16000,21,14,1185.9964,11653.4524,160526,0,64675.9999,261.5175,63007.9999,279.8527,229.9999,94168.4526,17609,9494.999899999999,132003,30888,11896,790,3400
Sweden,2018,7.599999905,1.299999952,7100,17000,49000,22000,21,NA,1355.8856,11488.3828,159677,0,61830,362.5982,65801,296.0575,406.9999,90348.3829,16623,10537,131859,29425,12202,1000,5500
Sweden,2019,11,2,16000,30000,67000,25000,42,2,1141.5697,12579.461599999999,165644.9999,0,64968.9999,274.05379999999997,64333.9999,209.4004,678.9999,98074.4616,19847.0002,10590.0001,128862.0001,35231.0001,9069.9998,1200,7800
Sweden,2020,32,3.5999999049999998,28000,56000,120000,66000,47,5,635.9656,10786.3221,160914,0,71933,93.6095,47262.0001,136.0716,1050.9999,111296.3222,27526.0001,8305,127539,36824.0001,11826.9999,1400,9800
Sweden,2021,43,6,57000,110000,190000,78000,63,16,718.9154,12623.964,168623,0,73424.9999,272.1266,50992,335.8155,1526.0001,114682.96370000001,27108,10637,132360.0001,33909,8340.9999,1700,12000
Iceland,2018,20,3.4000000950000002,780,2400,5600,2900,17,16,0,0,19432.4979,5746.883,13679.3769,0,0,1.875,0,19430.6229,4.3629,554.1739,18878.324,0,0,55,40
Iceland,2019,26,4.699999809,1100,3500,7500,2000,31,7,0,0,19119.7931,5781.4528,13329.11,0,0,2.661,0,19117.1321,6.5692,531.284,18588.5091,0,0,150,110
Iceland,2020,52,6.5,2500,5400,9600,2400,30,1,0,0,18778.6941,5849.3471,12919.6201,0,0,3.0667999999999997,0,18775.627,6.66,540.2017000000001,18238.4919,0,0,190,290
Iceland,2021,70,9.300000191,4200,8500,13000,4900,31,3,0,0,19226.948,5548.334,13670.093,0,0,2.434,0,19224.5139,6.0870999999999995,565.2341,18661.714,0,0,120,560
Japan,2018,1.100000024,0.3600000143,27000,110000,120000,23000,2900,610,322280.717,19316.068,1037898.8484,2310.827,87826.3424,398568.0104,47879.9318,54544.7135,61346.251000000004,178137.084,7337.596,45649.7754,981159.8012,0,0,7700,22000
Japan,2019,0.8600000143,0.4099999964,21000,120000,140000,18000,3600,670,310941.0281,22483.716,1000857.9992,2479.7079,79897.4658,374670.0051,64186.4632,38919.5755,67565.9237,179775.5222,7348.7086,44292.8099,945380.6645,0,0,7900,23000
Japan,2020,0.75,0.4499999881,15000,140000,160000,15000,4100,490,295039.05939999997,25493.7707,965895.4626,2653.4997,85167.61290000001,371690.49059999996,42540.4007,25387.248199999998,75996.6507,197651.1344,8339.6011,45761.2535,908821.5775,0,0,7900,22000
Japan,2021,1.200000048,0.5099999905,22000,160000,180000,23000,6600,2500,302498.8507,30571.6686,990256.0026,2724.0339,86364.4969,346662.6019,61094.6866,31705.104,84353.4532,213385.9552,9372.303,48410.0169,928233.1609,0,0,8000,21000
New Zealand,2017,1.399999976,0.1899999976,2900,4600,1300,540,NA,NA,1133.1356,749.3926,43109.4313,7577.9771,24927.7719,6527.0404,0,5.7475,76.6579,35397.0374,2065.2379,2944.2276,40165.2036,0,0,100,89
New Zealand,2018,2.0999999049999998,0.3700000048,4400,8900,2500,1200,NA,NA,1479.4245,724.2852,43254.1152,7524.884,26029.7411,5288.8756,0,11.143,99.732,36425.3283,2046.6859,2942.0669,40312.0485,0,0,200,89
New Zealand,2019,2.299999952,0.5699999928,5300,13000,4400,1600,2,2,2118.1119,739.3812,43590.4906,7585.764,25321.4269,5417.3496000000005,0,4.1655,126.7244,36005.4204,2232.1241,3000.6745,40589.8158,0,0,260,130
New Zealand,2020,1.600000024,0.7200000286,3900,17000,5900,1500,5,3,2160.7858,731.5731,43182.312,7833.57,24023.9258,5937.5451,0,13.290099999999999,159.828,35031.1102,2282.2134,2956.3037,40226.0085,0,0,310,150
New Zealand,2021,3.4000000950000002,1.100000024,6800,26000,9400,3500,6,1,3020.2419,748.5917,43270.523499999996,7968.2928,23992.3861,4649.5984,0,25.6606,206.3406,35531.9022,2616.2911,2900.733,40369.7907,0,0,430,170
Turkey,2013,1.19999997e-4,0.002499999944,NA,230,NA,1,NA,NA,60160.051,829.033,228977.001,1167.001,58225,99140.62299999999,0,1640.146,0,67756.034,7535,37133.999,198044.998,1227.001,7428.999,1,11
Turkey,2014,0.0120000001,0.00270000007,46,260,NA,22,NA,NA,71977.95,1022.149,239449,2040.001,39750.001,113801.1,0,2024.476,17,51314.152,8485.001,37331.001000000004,207375.001,2696,7953,1,11
Turkey,2015,0.03099999949,0.003800000064,120,370,NA,110,NA,NA,71907.423,1171.612,249900,2924,65856,93670.542,0,2099.6530000000002,191,81733.611,11590.999,36528,217313,3195.001,7136,7,11
Turkey,2016,0.01300000027,0.006000000052,44,420,210,83,NA,NA,86829.399,1538.544,261937.1042,4009.9998,66685.8841,83963.0965,0,1812.3767,1013.1341,88628.6481,15381.0862,34959.9911,231855.1131,1451.9999,6330.0001,7,11
Turkey,2017,0.01099999994,0.006599999964,77,500,240,34,NA,NA,92226.2185,1983.4623,284257.51910000003,5101.4869,57823.8509,104538.9869,0,1135.2526,2817.837,85519.8044,17793.1671,34660.0017,249022.1124,3303.673,2728.2681000000002,7,69
Turkey,2018,0.04399999976,0.00820000004,190,650,280,45,NA,NA,106602.7255,2494.0303,289436.765,6290.8361,58424.818,87055.5395,0,309.8021,7505.4891,94551.2264,19836.053,31521.7082,257280.0668,3111.877,2476.887,7,69
Turkey,2019,0.06700000167,0.01600000076,230,1300,540,94,NA,NA,105067.4563,3262.6686,289135.7589,7352.3859999999995,88209.4218,53316.553,0,312.7097,8945.7132,129383.2927,21613.103,31285.5068,257273.0912,2788.667,2211.506,30,150
Turkey,2020,0.1700000018,0.03299999982,890,2900,1000,400,NA,NA,99305.546,4171.2937,292664.0519,8226.867,77520.6922,66569.713,0,302.81960000000004,10713.3379,125263.8636,24631.673,29367.642200000002,262702.2879,2483.6431000000002,1889.5209,120,1200
Turkey,2021,0.5500000119,0.06899999827,3000,6800,1800,920,NA,NA,97745.788,6100.8568,319539.98,8812.4589,55480.532,105119.2868,0,266.14050000000003,13527.4581,115146.3829,31225.077,30995.9855,286692.0643,4186.383,2334.4529000000002,180,1800
Chile,2011,0.002400000114,2.200000017e-4,6,6,NA,NA,NA,NA,18534.704999999998,4414.735,63189.001000000004,0,20937.001,12960.784,0,6003.775,0,25689.737,338.001,4687.001,59234.001,700,732.001,1,1
Chile,2012,0.002000000095,3.800000122e-4,5,11,NA,NA,NA,NA,23415.5,4485.884,65840,0,19976.999,11874.561,0,5678.054,0,24871.882999999998,409,3498.998,62341.001000000004,0,0,4,6
Chile,2013,0.001900000032,5.099999835e-4,5,16,NA,NA,NA,NA,28360.618,5403.854,69744.002,0,19678.001,10463.458,0,5113.074,8,25642.855,553,4889.999,64853.998999999996,0,0,5,8
Chile,2014,0.007100000046,0.001000000047,3,19,14,14,NA,NA,25425.673,5208.127,69451.99799999999,0,22814,9984.118,0,3808.083,479.999,29943.127,1441.001,4363.999,65087.998999999996,0,0,5,13
Chile,2015,0.01700000092,0.002099999925,10,32,37,23,NA,NA,26341.543,5282.042,72028.999,0,23403.001,10683.557,0,2968.856,1238.001,32035.042999999998,2111.999,3707,68322.001,0,0,5,22
South Korea,2016,0.3300000131,0.06400000304,4700,10000,580,330,46,58,223594.4314,5609.3147,538466.9509,0,6378.0001,122467.8679,154195.0001,17079.0308,5067.447,19232.9035,1682.1420000000003,18474.8279,515275.7202,0,0,920,1100
South Korea,2017,0.9499999881,0.1400000006,14000,24000,1300,670,100,75,250150.8895,5887.2693,548882.2681,0,7004.2561000000005,121099.7015,141278.2841,11383.5072,7054.2399,22603.1213,2167.89,18790.0972,524615.559,0,0,3300,10000
Australia,2017,0.2599999905,0.05200000107,1200,3400,3900,1100,NA,NA,148597.7165,3589.2393,245281.239,0.498,13532.2284,51955.1003,0,5430.2656,8683.8835,39298.1566,13492.8055,10116.7782,234813.7943,0,0,40,440
Iceland,2014,2.4000000950000002,0.150000006,200,240,52,29,3,NA,0,0,17803.003,5237.999,12554,0,0,3,0,17800,8.001,498,17305,0,0,6,11
Iceland,2015,3.9000000950000002,0.3600000143,390,570,140,170,4,NA,0,0,18557.999,5003.002,13541,0,0,3.999,0,18554.002,10,575.999,17982,0,0,11,11
Iceland,2016,6.300000191,0.75,380,960,600,780,3,NA,0,0,18171.608,5067.998,13091.609,0,0,3,0,18168.608,9.001,489,17682.608,0,0,40,11
Iceland,2017,14,1.700000048,840,1700,2200,2200,2,NA,0,0,18846.295,4944.154,13891.929,0,0,2.085,0,18844.21,8.127,591.001,18255.294,0,0,36,32
Japan,2010,0.05299999937,0.006099999882,2400,3500,NA,NA,NA,2,293732.808,14038.552,1112930.169,2456.759,94649.965,306997.776,278364.595,86531.58899999999,1582.15,116146.16,3418.734,47916.545,1055081.65,0,0,310,919
Japan,2011,0.2899999917,0.02800000086,13000,16000,15,15,NA,NA,289205.98,13923.264000000001,1074982.461,2366.026,89007.5,361191.371,153375.423,121096.93400000001,5316.899,116207.927,5594.238,46489.771,1018990.175,0,0,800,2372
Japan,2012,0.4499999881,0.06899999827,13000,30000,11000,11000,NA,1,305344.444,14933.957,1077277.987,2400.023,83739.662,414517.164,15121.278,194018.734,7114.897,112872.466,4683.927,44448.323,1022889.666,0,0,1400,4152
Japan,2013,0.5400000215,0.1199999973,15000,44000,25000,14000,NA,4,332213.845,15647.729,1057620.361,2316.471,84824.932,410761.704,10432.836,148584.543,11609.61,119508.389,5109.647,46150.754,1003071.157,0,0,1800,5338
Japan,2014,0.6100000143,0.1899999976,16000,70000,41000,16000,NA,7,337736.777,15919.837,1049575.632,2341.232,85053.803,421722.303,0,126090.279,19828.434,127801.768,4658.4619999999995,44458.377,999695.517,0,0,2900,8600
Japan,2015,0.5199999809,0.2199999988,10000,79000,55000,14000,400,390,341507.925,20184.449,1031009.024,2380.359,90034.674,401916.554,3240.625,100734.157,32954.722,151668.684,6114.4800000000005,41162.045,984138.69,0,0,6000,16000
Japan,2016,0.5099999905,0.25,15000,88000,65000,9400,1400,1100,342454.954,17500.442,1029574.571,2286.338,87197.129,395491.239,14869.062,85733.018,42892.436,155914.21600000001,6037.871,44323.125,977314.48,0,0,7100,17000
Japan,2017,1.200000048,0.3100000024,18000,100000,100000,36000,2300,850,329678.8621,18107.0046,1025244.2518,2197.6912,83168.386,408814.5003,28149.7451,58923.1873,53659.4064,163226.3623,6093.8741,40361.6435,975171.0292,0,0,7300,22000
Brazil,2018,0.01999999955,0.002499999944,180,350,700,230,NA,NA,19202.2345,51119.2991,592396.4569,0,385081.3651,55707.381799999996,14733.4537,12869.538199999999,3426.8197,487617.8735,47990.389500000005,91821.4508195,543000,0,35000,4.900000095,26
Brazil,2019,0.08600000292,0.007000000216,540,890,2100,1400,NA,NA,20030.521,51625.5923,617687.3946,0,393898.2865,61635.819,15161.0946,11098.1477,6588.0332,507537.6779,55425.7656,95741.546163,551000,200,25000,4.900000095,220
Brazil,2020,0.1599999964,0.01300000027,800,1600,3800,1800,NA,NA,16487.2766,55217.3381,613996.0089,0,392417.3829,55911.6333,13209.4422,11499.0173,10640.8586,514755.77969999996,56480.1999,95169.3813795,547000,400,25000,4.900000095,400
Brazil,2021,0.8999999762,0.04600000009,2900,4400,15000,11000,1,1,22612.9126,52380.7773,639103.4659,0,359190.26649999997,81739.8309,13822.3127,19191.0721,16584.7582,499718.917,71563.1152,99061.03721449999,570000,0,23000,4.900000095,800
China,2015,1,0.2099999934,150000,210000,87000,61000,NA,NA,3862454.36,49537.999,5559038.57,117.50399999999999,1103325.301,139532.162,162249.549,9195.05,38343.132,1375240.197,183908.34100000001,277951.92850000004,5510000,19000,6200,12000,47000
China,2016,1.5,0.3899999857,260000,460000,170000,79000,NA,NA,3987278.84,60818,5871734.2301,113.39999999999999,1141715.5199,160258.7199,200489.7799,9744.9799,65876.58,1503233.6901,234699.3,293586.711505,5826000,19000,6200,55000,86000
China,2017,2.4000000950000002,0.6600000262,470000,930000,280000,110000,NA,NA,4293765.3596,74664.2,6360119.3037,112.7028,1153461.1968,172113.3521,233185.79989999998,9276.8433,116688.9239,1639195.3007,294257.7001,318005.96518500004,6323000,19000,6400,83000,130000
China,2018,4.699999809,1.100000024,820000,1700000,540000,270000,NA,NA,4466968.6833,85130.8143,6770448.4537,176.13,1186898.1301,194607.0569,276697.4601,10210.1605,175551.849,1810081.9445,362311.2901,338522.42268500006,6734000,21000,5700,110000,160000
China,2019,5,1.5,830000,2600000,770000,230000,NA,NA,4583048.226,104433.9999,7119429.7228,176.13,1259791.0874,199997.5773,327453.7001,9897.101,223205.0041,1989592.7467,401971.68,355971.48614,7097000,22000,4900,210000,300000
China,2020,5.699999809,1.899999976,920000,3500000,990000,220000,NA,NA,4631952.4751,124644,7370661.458000001,176.6124,1308544.5452,220842.3583,344279.6999,10781.3912,259626.8863,2154817.1202,461809.2599,368533.0729,7386000,22000,4800,310000,500000
China,2021,16,3.0999999049999998,2700000,6200000,1600000,550000,19,19,5092435.868,153878,8160696.6783,176.13,1286999.01,251892.2465,383071.6201,10722.3854,325714.5541,2416324.4466,649540.9801,408034.833915,8110000,20000,5900,470000,680000
India,2016,0.02600000054,0.01499999966,730,4800,NA,NA,NA,NA,1008608.4109,27029.8514,1345617.0056,0,134423.6302,67248.6462,35609.0944,11268.6556,15752.9879,222100.1183,44893.6489,269123.40112,1133000,6700,5600,25,220
India,2017,0.03099999949,0.02099999972,920,7000,NA,NA,NA,NA,1049799.0298000001,30656.1479,1414308.4222,0,142289.535,69858.1537,35184.9706,9599.6008,21729.2598,249084.5869,54409.644,282861.68444,1173000,7200,5600,25,220
India,2018,0.02999999933,0.02199999988,920,7900,NA,NA,NA,NA,1136418.818,28240.6668,1520725.3242,0,145593.4935,64489.8407,36707.6678,8117.1478,37098.0649,274287.3201,63355.095,304145.06484,1215000,8500,4700,25,330
India,2019,0.02400000021,0.02199999988,680,8600,7,7,NA,NA,1131342.7429,29529.52,1557408.9293,0,167040.8379,66863.3478,42449.4011,4129.25,46753.3631,311903.273,68579.5517,311481.78586,1261000,9500,6400,25,330
India,2020,0.1199999973,0.02899999917,3100,12000,50,43,NA,NA,998502.0024,31013.0773,1425757.9557,0,162190.7778,60223.0051,41936.2649,4275.9235,59619.4563,319761.8851,66938.5739,285151.59114000003,1201000,9400,9300,25,330
India,2021,0.349999994,0.0540000014,12000,23000,100,50,1,1,1104272.9673,33561.133499999996,1546218.179,0,158733.7995,58978.3339,41282.8204,4265.0946,69545.9177,335945.3699,74104.5191,309243.6358,1352000,9600,9500,32,910
Austria,2011,0.099,0.02199999988,NA,990,NA,NA,NA,NA,6965.076,4329.565,62491.736,0.996,35873.536,11808.889000000001,0,963.981,165.28300000000002,42207.865,1838.485,3470.055,62132.289,16777.354,24976.711,1,1
Austria,2012,0.163,0.03299999982,NA,1400,140,NA,NA,NA,5944.036,4467.186,69315.21399999999,0.648,45579.643000000004,9272.393,0,710.145,322.197,52720.992,2351.318,3528.233,62952.100999999995,20626.749,23429.714,2,2
Austria,2013,0.2,0.05299999937,650,2100,410,NA,NA,NA,5851.196,4485.963,65299.695999999996,0.28800000000000003,43731.024,6352.8060000000005,0,664.36,597.982,51826.71,3011.453,3541.171,63546.712,17689.114999999998,24959.571,4,6
Austria,2014,0.57,0.08900000155,1700,3400,780,NA,3,6,4630.442,4325.253,62237.598,0.36,42640.368,5060.415,0,632.721,746.832,51370.356999999996,3657.544,3409.874,62557.417,17436.999,26711.724,9,15
Austria,2015,0.9,0.1400000006,1700,5000,1500,1100,6,4,4801.643,4409.848,61957.722,0.06,38514.267,7271.4619999999995,0,818.961,889.142,48405.934,4592.617,3466.995,63583.965,19327.645,29389.162,19,38
Austria,2016,1.5,0.2399999946,3800,9100,2300,1200,13,NA,3775.2059,4545.7648,64960.511,0.020399999999999998,40900.7111,8071.6766,0,951.004,1042.3019,51467.0849,4978.2871000000005,3339.0009,64527.2831,19206.888899999998,26366.16,40,94
Austria,2017,2,0.3799999952,5400,15000,3900,1700,19,2,3736.7455,4697.9409,68093.5951,0.0864,40264.8791,10419.5779,0,813.9193,1211.4899,52448.2347,6273.838,3459.0339,65569.8692,22816.512,29362.4271,84,234
Austria,2018,2.6,0.5299999714,6800,21000,5700,2300,24,7,3449.1382,4697.4394,65383.710999999996,0.22799999999999998,39276.3582,9450.2814,0,682.3203,1386.5471,51106.7685,5746.1961,3335.9859,65860.256,19129.3309,28076.1359,175,582
Austria,2019,3.5,0.75,9300,30000,8000,2200,41,19,3269.8302,4458.8149,71101.1299,0.192,42338.3199,10837.6425,0,663.3608,1630.2539,55563.2149,7135.634,3304.5391,66060.2201,22918.2641,26046.8469,366,1444
Austria,2020,9.5,1.200000048,16000,45000,15000,7600,45,14,2259.8024,4403.4045,69593.174,0.0696,43491.0611,9547.9028,0,696.2997,1959.4521,56367.9915,6514.004,3191.822,63784.819,22326.6802,24522.4919,765,3585
Austria,2021,20,2.0999999049999998,33000,77000,29000,15000,55,14,2076.3866,4311.4504,68099.998,0.03,40942.4572,10219.1893,0,682.7368,2678.1181,54419.0145,6486.959,3236.305,66923.5752,18893.0369,26436.1921,1600,8900
Poland,2014,0.06199999899,0.005,140,NA,NA,61,NA,NA,119400.472,9055.488,145214.001,0,2708,4835.887,0,1446.774,6.998,19349.486,7579,10250,136308.001,11342,13507.999,4,120
Poland,2015,0.06100000069,0.012,70,2500,NA,150,NA,NA,120596.056,9011.916,150694.999,0,2409,5792.986,0,1921.018,57.001,22205.917,10728,10534.001,138926.999,14793,14459,8,290
Poland,2016,0.1199999973,0.017,110,2600,NA,400,NA,NA,120373.13,7203.39,152002.167,0,2590.694,7091.107,0,2084.501,123.874,22196.557,12278.599,9494.968,143762.198,12018,14017,32,290
Poland,2017,0.2199999988,0.014,440,3100,NA,640,14,NA,120096.94870000001,5839.3416,152819.6808,0,2768.7372,9031.5382,0,0,165.4629,23347.7349,14574.1931,9996,144375.8008,10983.9998,13271.000100000001,110,410
Poland,2018,0.2599999905,0.021,620,3700,NA,760,28,1,120586.4651,5936.4219,155056.3241,0,2155.7862,11454.4549,0,0,300.4878,20864.375799999998,12471.6799,8893.9999,151195.5692,8121.301,13815.804199999999,280,490
Poland,2019,0.4900000095,0.047,1500,4800,3800,1200,34,NA,110299.9707,7035.4695,151160.40840000001,0,2434.7255,13550.284599999999,0,0,710.673,24941.614,14760.746,8951,151799.7555,7245.352,17868.327,310,530
Poland,2020,1.899999976,0.095,3700,9400,8300,4500,28,NA,100219.2516,7651.6062999999995,145903.4791,0,2662.8133000000003,15841.123,0,0,1957.9159,27701.5046,15429.1691,9995.0001,147994.5083,7357.075,20624.119,680,1000
Poland,2021,3.5999999049999998,0.19,7200,18000,19000,9100,91,78,119496.6999,7420.4549,166546.476,0,2817.0359,14566.5014,0,0,3934.4479,30030.4987,15858.5599,9249.923999999999,157060.1469,14212.064,15099.836,1400,2300
